ITEM,CATEGORIA,DESCRIPCIÓN,UNIDAD ,CANT, Cotizacion 1, Cotizacion 2 
1,CUCHILLA,Suministro de CUCHILLAS: (3658x635x22)mm. Desmonte y monte de CUCHILLAS: (3658x635x22)mm,PAR,1,1117248,1246600
2,NA,Suministro de ESQUINERAS. Desmonte y monte de ESQUINERAS,PAR,1,875616,810300
49,LLANTA,"Despinches, montajes, reparación-vulcanizado y/o reconstrucción de llantas, Suministro, desmonte de
válvulas.",UNIDAD,1," $194,112.00 "," $173,000.00 "
6,LLANTA,neumático 1300*24 válvula corta,UNIDAD,1,359040,370800
7,NA,válvulas sellomatic de cobre cortas TR218,UNIDAD,1,65952,74300
8,NA,Despinchada y calibración de presión de aire en taller.,UNIDAD,1,109344,120000
9,NA,"Despinchada y calibración de presión de aire a
domicilio.",UNIDAD,1,165888,169200
158,LLANTA,"Despinches, montajes, reparación-vulcanizado y/o reconstrucción de llantas, Suministro, desmonte de
válvulas.",UNIDAD,1," $264,351.00 "," $305,200.00 "
11,NA,"Suministro, desmonte e instalación de esparrago, chapeta y tuerca.",JUEGO -KIT- CONJUNTO,1,929088,973500
12,FILTRO,"Suministro, desmonte e instalación FILTRO DE ACEITE: BT 339. FILTRO DE ACEITE: BT 340 ( incluye
mano de obra por el cambio de la totalidad de los filtros y disposición final de los elementos cambiados)",KIT CONJUNTO,1,90336,85700
13,ACEITE,"Suministro, extracción, aplicación y disposición final de ACEITE MOTOR:  SAE API CD 15 W 40.
CAPACIDAD: 27 L - 6 GAL",GAL,1,290000,260000
14,ACEITE,"Suministro, extracción, aplicación y disposición final de ACEITE SISTEMA HIDRAULICO:  46. CAPACIDAD: 70 L -  15.4 GAL",GAL,1,270000,249500
15,ACEITE,"Suministro, extracción, aplicación y disposición final de ACEITE TRANSMISION:  20 W 50. CAPACIDAD: 30
L -  6.6 GAL Reemplazo de fluido de la Transmisión",GAL,1,270000,249500
16,FILTRO,"Suministro, desmonte e instalación FILTRO DE COMBUSTIBLE: SEPARADOR DE AGUA: FS 1280- P551329. COMBUSTIBLE: BF988-P553004. FILTRO DE COMBUSTIBLE: SEPARADOR DE AGUA: FS 1280- P551329. COMBUSTIBLE: BF988-P553005 ( incluye
mano de obra por el cambio de la totalidad de los filtros y disposición final de los elementos
cambiados)",UNIDAD,1,479000,424000
17,FILTRO,"Suministro, desmonte e instalación FILTRO DE ACEITE: BT 339. FILTRO DE ACEITE: BT 340 ( incluye
mano de obra por el cambio de la totalidad de los filtros y disposición final de los elementos cambiados)",UNIDAD,1,350000,300000
18,FILTRO,"Suministro, desmonte e instalación FILTRO DE AIRE: PRIMARIO: AZ 3281. SECUNDARIO: AZ 3281 SY..
FILTRO DE AIRE: PRIMARIO: AZ 3281. SECUNDARIO:
AZ 3281 SY.( incluye mano de obra por el cambio de la totalidad de los filtros y disposición final de los
elementos cambiados)",UNIDAD,1,428000,398000
19,FILTRO,"Suministro, extracción, aplicación y disposición final de FILTRO DE ACEITE HIDRAULICO: ****. FILTRO DE
ACEITE HIDRAULICO: ****( incluye mano de obra por el cambio de la totalidad de los filtros y disposición final de los elementos cambiados)",UNIDAD,1,437000,450000
20,FILTRO,"Suministro, desmonte e instalación FILTRO DE AGUA: AW2010. FILTRO DE AGUA: AW2011 ( incluye
mano de obra por el cambio de la totalidad de los filtros y disposición final de los elementos cambiados)",UNIDAD,1,390000,300000
21,NA,"Suministro, extracción, aplicación y disposición final de fluido para EJE TRASERO: 27 L - 5.9 GAL. 85 W 90.
EJE TRASERO: 27 L - 5.9 GAL. 85 W 91",GAL,1,290000,232000
22,NA,"Suministro, extracción, aplicación y disposición final de fluido en conjunto de tándem para cada tándem. TANDEMS: 27 L - 5.9 GAL. 80 W 90. Reemplazo de
fluido en conjunto de tándem para cada tándem. TANDEMS: 27 L - 5.9 GAL. 80 W 91",GAL,1,290000,232000
23,NA,"Suministro, extracción, aplicación y disposición final de fluido para DEPOSITO SISTEMA DE REFRIGERACION:  50 L - 11 GAL. DEPOSITO SISTEMA
DE REFRIGERACION:  50 L - 11 GAL",GAL,1,85000,65000
24,NA,"Suministro, extracción, aplicación y disposición final de LIQUIDO DE FRENOS: 0.8 L - 0.85 qt - DOT 4.
LIQUIDO DE FRENOS: 0.8 L - 0.85 qt - DOT 4",GAL,1,340000,297000
25,NA,"Suministro, extracción, aplicación y disposición final de grasas  lubricantes de litio. (grasa con base en lithio GB/T5671-1995). Aplicación y/o suministro en articulaciones, pivotes, bujes, esféricas, rodamientos, cojinetes, pasadores, husillos y todo tipo de mecanismos que soporten grandes esfuerzos, puntos de lubricación a inyección. La aplicación de la grasa debe cumplir los estandares
establecidos por fabricante en cada elemento",LIBRAS,1," 60,000.00 "," 45,000.00 "
26,FILTRO,"Suministro, desmonte e instalación FILTRO DE AIRE: PRIMARIO: AZ 3281. SECUNDARIO: AZ 3281 SY..
FILTRO DE AIRE: PRIMARIO: AZ 3281. SECUNDARIO:
AZ 3281 SY.( incluye mano de obra por el cambio de la totalidad de los filtros y disposición final de los
elementos cambiados)",KIT CONJUNTO,1,435744,398000
492,LLANTA,"Despinches, montajes, reparación-vulcanizado y/o reconstrucción de llantas, Suministro, desmonte de
válvulas.",UNIDAD,1," $233,775.00 "," $268,896.00 "
257,LLANTA,"Despinches, montajes, reparación-vulcanizado y/o reconstrucción de llantas, Suministro, desmonte e instalación de válvulas.",UNIDAD,1," $453,311.00 "," $412,608.00 "
29,NA,"Suministro, extracción, aplicación y disposición final de fluido para DEPOSITO SISTEMA DE REFRIGERACION: 24 L - 6.34 GAL. DEPOSITO
SISTEMA DE REFRIGERACION: 50 L - 11 GAL",GALÓN,1,284928,167900
441,LLANTA,"Despinches, montajes, reparación-vulcanizado y/o reconstrucción de llantas, Suministro, desmonte e instalación de válvulas.",UNIDAD,1," $230,892.00 "," $265,248.00 "
5,LLANTA,"Despinches, montajes, reparación-vulcanizado y/o reconstrucción de llantas, Suministro, desmonte e
instalación de válvulas.",UNIDAD,1," $287,808.00 "," $300,100.00 "
32,NA,"Suministro, desmonte e instalación del Claxon",UNIDAD,1,290880,346900
33,NA,"Suministro, desmonte e instalación del presostato
del sistema de aire acondicionado",UNIDAD,1,1118016,1223800
34,MANGUERA,"Suministro, desmonte e instalación de manguera del sistema de aire acondicionado",UNIDAD,1,19584,20700
35,CUCHILLA,"Suministro, desmonte e instalación de tornillos de
ajuste de cuchilla",JUEGO - KIT - CONJUNTO,1,7488,6900
36,CUCHILLA,"Suministro, desmonte e instalación de tuerca de ajuste de cuchilla",UNIDAD,1,132288,142700
37,NA,"Suministro, desmonte e instalación de dientes del cucharon",JUEGO - KIT - CONJUNTO,1,21120,25000
38,NA,"Suministro, desmonte e instalación de tuerca de los
dientes del cucharon",UNIDAD,1,14400,18000
39,NA,"Suministro, desmonte e instalación de los tornillos de los dientes del cucharon",UNIDAD,1,1351680,1210000
40,NA,"Suministro, desmonte e instalación de vidrio superior puerta izquierda",UNIDAD,1,1312608,1311100
41,NA,"Suministro, desmonte e instalación de vidrio
superior puerta derecha",UNIDAD,1,544608,475800
42,NA,Suministro e instalación espejo retrovisor exterior ( rh - lh ),UNIDAD,1,495744,787900
43,NA,"Suministro, desmonte e instalación de pasador o pin de la estructura o articulación móvil de la máquina.",UNIDAD,1,660320,724100
44,NA,"Suministro, desmonte e instalación de buje o camisa de la estructura o articulación móvil de la máquina",UNIDAD,1,606528,848400
45,NA,Reconstrucción con soldadura y aporte de material estructural de la articulación móvil de la máquina.,UNIDAD,1,773184,658300
46,NA,válvula sellomatic,UNIDAD,1,64512,96600
47,LLANTA,"neumático 12,5/80*18 válvula corta",UNIDAD,1,285792,327100
48,LLANTA,neumático 16.9 x 28 válvula corta,UNIDAD,1,264960,201700
80,LLANTA,"Despinches, montajes, reparación-vulcanizado y/o reconstrucción de llantas, Suministro, desmonte e
instalación de válvulas.",UNIDAD,1," $1,474,368.00 "," $1,388,925.00 "
50,NA,"Despinchada y calibración de presión de aire en
taller.",UNIDAD,1,70176,94800
51,NA,"Despinchada y calibración de presión de aire a
domicilio.",UNIDAD,1,111744,178500
99,LLANTA,"Despinches, montajes, reparación-vulcanizado y/o reconstrucción de llantas, Suministro, desmonte e
instalación de válvulas.",UNIDAD,1," $265,728.00 "," $251,970.00 "
53,NA,"Suministro, desmonte e instalación de esparrago y
tuerca.",UNIDAD,1,91296,93400
307,LLANTA,"Despinches, montajes, reparación-vulcanizado y/o reconstrucción de llantas, Suministro, desmonte e
instalación de válvulas.",UNIDAD,1," $303,052.00 "," $338,592.00 "
371,LLANTA,"Despinches, montajes, reparación-vulcanizado y/o reconstrucción de llantas, Suministro, desmonte e
instalación de válvulas.",UNIDAD,1," $314,409.00 "," $342,144.00 "
56,ACEITE,"Suministro, extracción, aplicación y disposición final
de ACEITE MOTOR: AKCELA NO1 ENGINE OIL Cl-4 SAE 15W-40. CAPACIDAD: 8.6 L - 2.27 GAL",GALÓN,1,323520,307000
57,ACEITE,"Suministro, extracción, aplicación y disposición final de ACEITE TRANSMISION: AKCELA NEXPLORE FLUID
multigrado utto CAPACIDAD: 20 L - 5.283 GAL",GALÓN,1,410304,417400
58,FILTRO,"Suministro, extracción, aplicación y disposición final de FILTROS DE COMBUSTIBLE:  BF7954-D series /
73300482 CON DRENADO ( incluye mano de obra por el cambio de la totalidad de los filtros y disposición final de los elementos cambiados)",KIT CONJUNTO,1,206208,254800
59,FILTRO,"Suministro, desmonte e instalación de FILTRO DE AIRE, primario de tipo seco reemplazable con sello radial -  RS3544 / 47362223 , Secundario 46562 ( incluye mano de obra por el cambio de la totalidad de los filtros y disposición final de los elementos
cambiados)",KIT CONJUNTO,1,419616,407100
60,FILTRO,"Suministro, desmonte e instalación de FILTRO DE ACEITE HIDRAULICO: BU4430037 ( incluye mano de obra por el cambio de la totalidad de los filtros y
disposición final de los elementos cambiados)",KIT CONJUNTO,1,205632,234200
61,NA,"Suministro,extraccion,aplicación y disposicion final del liquido refrigerante del motor: Tutela ACTIFULL OT (OAT EG2, 50-50 PREMIX) 20 L - 5,2 gal",GALÓN,1,272640,244000
62,CUCHILLA,"Suministro, desmonte e instalación de kit de cuchilla CUCHILLA 7 HUECOS 182.9 cm REF: 86577169",KIT-CONJUNTO,1,450048,407573
397,LLANTA,"Despinches, montajes, reparación-vulcanizado y/o reconstrucción de llantas, Suministro, desmonte e
instalación de válvulas.",UNIDAD,1," $224,428.00 "," $264,480.00 "
463,LLANTA,"Despinches, montajes, reparación-vulcanizado y/o reconstrucción de llantas, Suministro, desmonte e
instalación de válvulas.",UNIDAD,1," $383,074.00 "," $420,960.00 "
65,NA,Reemplazo de kit de pernos de ajuste,KIT-CONJUNTO,1,606528,563246
66,NA,"Suministro, desmonte e instalación de pasador o pin
de la estructura o articulación móvil de la máquina.",UNIDAD,1,613344,545126
67,NA,"Suministro, desmonte e instalación de buje o camisa
de la estructura o articulación móvil de la máquina",UNIDAD,1,839424,753733
68,NA,Reconstrucción con soldadura y aporte de material estructural de la articulación móvil de la máquina.,UNIDAD,1,614592,528523
69,MANGUERA,"Suministro, desmonte e instalación mangueras
radiador",UNIDAD,1,417504,384632
70,NA,"Suministro, desmonte e instalación acoples y
abrazaderas",UNIDAD,1,550944,517455
71,MANGUERA,"Reemplazo de mangueras de alta presión hidráulica ensambladas con acoples,racores ensamblados según muestra",UNIDAD,1,324384,302154
72,NA,"Suministro, desmonte e instalación de espejo retrovisor convexo central panorámico de cabina.",UNIDAD,1,338304,335270
73,NA,"Suministro, desmonte e instalación correas motor.",UNIDAD,1,1111296,1035177
74,NA,"Suministro, desmonte e instalación de soportes de motor - apoyos",UNIDAD,1,1232448,1151486
75,NA,"Desmonte y reemplazo de soportes de motor -
apoyos",UNIDAD,1,1517376,1303679
76,MANGUERA,"Reparación enfriador-Intercambiador de calor de fluido hidráulico. Incluye mangueras de alta presión
hidráulica, abrazaderas y accesorios de acople",UNIDAD,1,670944,624570
77,MANGUERA,"Suministro, desmonte e instalación manguera de
alta presión hidráulica, abrazaderas y accesorios de acople enfriador - intercambiador",UNIDAD,1,238176,217711
78,LLANTA,"Neumático 12*16,5 válvula corta",UNIDAD,1,45008,50076
79,NA,válvula sellomatic,UNIDAD,1,242208,225209
264,LLANTA,Llanta 12R22.5 ref Armor max MSD 150/147K H (opción),UNIDAD,1," $2,160,762.00 "," $2,322,048.00 "
369,NA,"Llanta 12R22.5 ref Armor max MSD 150/147K H
(opción)",UNIDAD,1," $2,160,762.00 "," $2,322,048.00 "
82,NA,Despinchada y calibración de presión de aire en taller.,UNIDAD,1,161568,151657
83,NA,"Despinchada y calibración de presión de aire a
domicilio.",UNIDAD,1,44544,51772
84,NA,"Suministro, desmonte e instalación de esparrago y
tuerca.",UNIDAD,1,50400,45078
85,ACEITE,"Suministro, extracción, aplicación y disposición final de ACEITE MOTOR: 15 W 40. CAPACIDAD: 8.0 L - 8.5
US qt",GALÓN,1,237120,220478
86,FILTRO,"Suministro, desmonte e instalación de FILTRO DE COMBUSTIBLE: SEPARADOR 87036044,84299977- LINEA 9611973,87548612. FILTRO DE COMBUSTIBLE: SEPARADOR 87036044,84299977-LINEA
9611973,87548613 ( incluye mano de obra por el cambio de la totalidad de los filtros y disposición final de los elementos cambiados)",KIT CONJUNTO,1,271200,252167
87,FILTRO,"Suministro, desmonte e instalación de FILTRO DE ACEITE: 87415600. FILTRO DE ACEITE: 87415601 (
incluye mano de obra por el cambio de la totalidad de los filtros y disposición final de los elementos
cambiados)",KIT CONJUNTO,1,138432,128717
88,FILTRO,"Suministro, desmonte e instalación de FILTRO DE AIRE: PRIMARIO 86982522-SECUNDARIO 86982523. FILTRO DE AIRE: PRIMARIO 86982522-SECUNDARIO
86982524 ( incluye mano de obra por el cambio de la totalidad de los filtros y disposición final de los elementos cambiados)",KIT CONJUNTO,1,406560,378027
89,NA,"Suministro, extracción, aplicación y disposición final de liquido refrigerante LIQUIDO REFRIGERANTE
15.6L-4.2 GAL. 50% AGUA-50% ETILENGLICOL",GALÓN,1,151200,140588
90,NA,"Suministro, desmonte e instalación correa flexible de bomba de agua",JUEGO - KIT - CONJUNTO,1,263808,252803
266,NA,Llanta 12R22.5 ref Armor max MSS 150/147K (Opcion),UNIDAD,1," $2,160,762.00 "," $2,322,048.00 "
92,MANGUERA,"Suministro, desmonte e instalación de mangueras radiador",JUEGO - KIT - CONJUNTO,1,736512,709475
93,MANGUERA,"Reemplazo de mangueras de alta presión Hidráulica
ensambladas con acoples y racores varios ensamblados según muestra",JUEGO - KIT - CONJUNTO,1,694368,640470
94,NA,"Desmonte, mantenimiento y montaje de planta eléctrica, mantenimiento general",JUEGO - KIT - CONJUNTO,1,664512,642598
95,NA,"Desmonte, mantenimiento, reparación e instalación, de motor de arranque",UNIDAD,1,711360,684038
96,NA,"Mantenimiento, tensión y ajuste freno de seguridad- parqueo o de mano",UNIDAD,1,596256,558330
97,NA,"Suministro, desmonte e instalación de elevadores,
relés o contactores del sistema eléctrico.",UNIDAD,1,427968,424668
98,NA,"neumático 14,9*24 válvula corta",UNIDAD,1,494688,476098
437,NA,Mantenimiento y Lubricación de rodamientos en las llantas,UNIDAD,1," $487,644.00 "," $476,640.00 "
461,LLANTA,"protector R25 para llanta 17,5*25",UNIDAD,1," $237,881.00 "," $261,408.00 "
101,NA,Despinchada y calibración de presión de aire en taller.,UNIDAD,1,70656,67895
102,NA,Despinchada y calibración de presión de aire a domicilio.,UNIDAD,1,161760,160025
103,NA,"Suministro, desmonte e instalación, desmonte e
instalación de esparrago y tuerca.",UNIDAD,1,49152,48378
104,ACEITE,"Suministro, extracción, aplicación y disposición final de ACEITE MOTOR:  15W40 o 10W30 o SAE 30.
CAPACIDAD: 11 L - 2.8 GAL",GALÓN,1,268896,259093
105,NA,"Suministro, extracción, aplicación y disposición final de LIQUIDO REFRIGERANTE: CAPACIDAD 13 L - 3.4
GAL",GALÓN,1,433824,418008
106,ACEITE,"Suministro, extracción, aplicación y disposición final de ACEITE HIDRAULICO EJE DE ACCIONAMIENTO:  80
W 140. CAPACIDAD: 7.5 L - 2 GAL",GALÓN,1,117120,112850
107,ACEITE,"Suministro, extracción, aplicación y disposición final de ACEITE HIDRAULICO CUBOS DE RUEDAS:  80 W
140. CAPACIDAD: 7.5 L - 2 GAL",GALÓN,1,355584,453558
108,FILTRO,"Suministro, extracción, aplicación y disposición final de filtro de aceite Ref. 05740874",KIT CONJUNTO,1,437184,421245
109,FILTRO,"Suministro, extracción, aplicación y disposición final
de filtro de aires Ref. 5010057",KIT CONJUNTO,1,570048,549265
110,FILTRO,"Suministro, extracción, aplicación y disposición final
de filtro de aire Ref. 05730135",KIT CONJUNTO,1,131424,126633
111,FILTRO,"Mantenimiento preventivo y correctivo general de Motobomba Barnes 4T, reemplazo de fluidos y
filtros, sincronización y puesta a punto periódica.",JUEGO - KIT - CONJUNTO,1,718798,846300
498,LLANTA,Suministro de Rin para llanta delantera diámetros 12.5/80-18,UNIDAD,1," $1,980,364.00 "," $2,248,704.00 "
54,NA,"Suministro de Rin para llanta delantera diámetros
12.5 / 80 x 18",UNIDAD,1," $1,883,904.00 "," $2,086,400.00 "
114,FILTRO,"Mantenimiento preventivo y correctivo general de Motobomba 2T, reemplazo de fluidos y filtros, sincronización y puesta a punto periódica.",JUEGO - KIT - CONJUNTO,1,1220332,1398200
115,NA,"Suministro, desmonte e instalación de baterías",UNIDAD,1,742647,846400
116,NA,"Suministro, desmonte e instalación de espejos convexos retrovisores para punto ciego",JUEGO - KIT - CONJUNTO,1,284007,331100
117,NA,Suministro Correa flexible de bomba del agua,UNIDAD,1,235697,272900
118,MANGUERA,"Suministro, desmonte e instalación de mangueras radiador",UNIDAD,1,434441,499100
119,NA,"Suministro, desmonte e instalación de correas
motor.",UNIDAD,1,382724,437000
120,NA,"Suministro, desmonte e instalación de polea bomba
aceite hidráulico.",UNIDAD,1,516647,590300
121,NA,"Suministro, desmonte e instalación del bombín",UNIDAD,1,647250,750300
122,NA,"Suministro, desmonte e instalación de
empaquetadura múltiple de escape.",JUEGO - KIT - CONJUNTO,1,257537,296100
123,NA,"Suministro, desmonte e instalación bendix arranque.",UNIDAD,1,306284,360100
124,NA,"Suministro, desmonte e instalación relés o
elevadores del circuito de motor de arranque",JUEGO - KIT - CONJUNTO,1,355380,404600
125,NA,"Suministro, desmonte e instalación de Bombonas, raches, diafragmas, componentes del sistema de
frenos.",JUEGO - KIT - CONJUNTO,1,933966,1040500
126,NA,"Suministro, desmonte e instalación de asbestos frenos ruedas.",JUEGO - KIT - CONJUNTO,1,827911,947800
127,MANGUERA,"Suministro, desmonte e instalación mangueras de
freno.",UNIDAD,1,624362,716400
128,NA,Rectificada de campanas de freno.,UNIDAD,1,243647,274000
129,NA,"Suministro, desmonte e instalación de campanas freno.",UNIDAD,1,733300,847200
130,NA,"Suministro, desmonte e instalación válvula
reguladora presión del sistema de frenos.",UNIDAD,1,512017,586100
131,NA,Mantenimiento y reparación del compresor de aire del sistema de frenos.,JUEGO - KIT - CONJUNTO,1,1288298,1492300
132,NA,"Mantenimiento y reparación de los depósitos de aire
comprimido para el sistema de frenos.",UNIDAD,1,951350,1012400
133,NA,"Suministro, desmonte e instalación de terminal de la
dirección.",UNIDAD,1,547136,631800
134,NA,"Suministro, desmonte e instalación biela de la dirección.",UNIDAD,1,701763,806400
135,NA,"Suministro, desmonte e instalación de esféricas:
superior e inferior.",JUEGO - KIT - CONJUNTO,1,968560,1114600
136,NA,"Suministro, desmonte e instalación brazo
compensador de la dirección.",UNIDAD,1,749898,847200
137,NA,"Suministro, desmonte e instalación terminal axial.",UNIDAD,1,428239,495200
138,NA,"Suministro, desmonte e instalación amortiguador
delantero.",UNIDAD,1,796898,900300
139,NA,"Suministro, desmonte e instalación rodillos ruedas delanteras.",UNIDAD,1,393819,472100
140,NA,"Suministro, desmonte e instalación rodillos ruedas
traseras.",UNIDAD,1,414698,472200
141,NA,"Suministro, desmonte e instalación retenedores
ruedas delanteras.",UNIDAD,1,299208,342800
142,NA,"Suministro, desmonte e instalación retenedores ruedas traseras.",UNIDAD,1,299645,343700
143,NA,"Suministro, desmonte e instalación de bujes
centrales de barra estabilizadora.",JUEGO - KIT - CONJUNTO,1,318515,347300
144,NA,"Suministro, desmonte e instalación bujes de muelle
trasero.",JUEGO - KIT - CONJUNTO,1,529227,607700
145,NA,"Suministro, desmonte e instalación bujes de muelle delantero.",JUEGO - KIT - CONJUNTO,1,434354,488500
146,NA,"Suministro, desmonte e instalación hoja principal
del muelle.",UNIDAD,1,528091,591300
147,NA,"Suministro, desmonte e instalación hoja segunda de muelle.",UNIDAD,1,609249,705400
148,NA,"Suministro, desmonte e instalación tope amortiguador.",UNIDAD,1,234474,253400
149,NA,"Suministro, desmonte e instalación base
amortiguador.",UNIDAD,1,376172,426500
150,NA,"Suministro, desmonte e instalación de soportes y
tornillos de centro de muelles.",UNIDAD,1,225826,261500
151,NA,"Suministro, desmonte e instalación de tope muelles.",UNIDAD,1,216216,247600
152,NA,"Suministro, desmonte e instalación de grapa muelle.",UNIDAD,1,315894,361600
153,NA,"Suministro, desmonte e instalación cruceta del
cardan.",UNIDAD,1,312312,357000
154,NA,"Suministro, desmonte e instalación soporte central
del cardan.",UNIDAD,1,536128,600800
155,NA,Rectificada de volante y calibrar embrague.,UNIDAD,1,338345,402100
156,NA,Lavado y limpieza del tanque cisterna,UNIDAD,1,1016870,1165700
157,NA,Lavado y limpieza del tanque del combustible.,UNIDAD,1,304974,360600
262,LLANTA,"Suministro de Rin para llanta diámetros (10.00 - 20 )
- 8,25"" X 22,5""",UNIDAD,1," $1,783,367.00 "," $1,957,920.00 "
159,NA,Despinchada y calibración de presión de aire en taller.,UNIDAD,1,64297,75200
160,NA,Despinchada y calibración de presión de aire a domicilio.,UNIDAD,1,150172,163900
313,LLANTA,Suministro de Rin para llanta diámetros 12R22.5,UNIDAD,1," $1,796,384.00 "," $1,973,952.00 "
162,NA,"Suministro, desmonte e instalación de esparrago y
tuerca.",UNIDAD,1,279203,321300
377,NA,Suministro de Rin para llanta diámetros 12R22.5,UNIDAD,1," $1,715,576.00 "," $1,884,096.00 "
163,LLANTA,Suministro de Rin para llanta diámetros 235/75R17.5,UNIDAD,1," $1,779,348.00 "," $2,043,700.00 "
55,LLANTA,Suministro de Rin para llanta trasera diámetros 16.5 x 28,UNIDAD,1," $2,186,112.00 "," $1,957,000.00 "
166,NA,"Corrección de fuga de fluido en parte izquierda del
motor y chasís",UNIDAD,1,626196,699840
167,NA,"Suministro, desmonte e instalación de guías de las cañas de brazos deslizantes (guías inexistentes que evitan el desgaste)",JUEGO - KIT - CONJUNTO,1,1096368,1250496
168,NA,"Suministro, desmonte e instalación de protector aislante de canasta (no posee protector aislante)",JUEGO - KIT - CONJUNTO,1,1535964,1505472
169,NA,"Suministro, desmonte e instalación de baterías TIPO BATERIA: 4D 1300 MF - 12 V - 135 AH. ALTERNADOR:
90A - 14 V",UNIDAD,1,830881,914400
170,NA,Instalación de radio pasa cintas con parlantes.,UNIDAD,1,511580,561792
171,NA,"Suministro, desmonte e instalación cables de alta para la batería con terminales de bronce tipo
pesado",UNIDAD,1,271515,300960
172,NA,"Mantenimiento general del botón accionamiento eléctrico, sensor electrónico y acondicionamiento de agalla del freno de ahogo",JUEGO - KIT - CONJUNTO,1,625410,695328
173,NA,"Suministro, desmonte e instalación de espejos
convexos retrovisores para punto ciego",JUEGO - KIT - CONJUNTO,1,328998,375648
174,NA,"Suministro, desmonte e instalación del postenfriador de aceite . Incluye mantenimiento
general",JUEGO - KIT - CONJUNTO,1,787114,866976
175,NA,"Suministro, desmonte e instalación Termóstato",UNIDAD,1,523024,574656
176,NA,"Suministro, desmonte e instalación de cojinetes de
bomba de agua.",JUEGO - KIT - CONJUNTO,1,693289,761760
177,NA,"Suministro, desmonte e instalación Correa flexible
de bomba del agua",UNIDAD,1,287327,313248
178,NA,"Suministro, desmonte e instalación de tapa radiador
con presión del sistema.",UNIDAD,1,160218,174336
179,MANGUERA,"Suministro, desmonte e instalación de mangueras radiador",UNIDAD,1,422910,458976
180,NA,"Suministro, desmonte e instalación de ventilador de
motor completo.",UNIDAD,1,796286,941856
181,NA,"Suministro, desmonte e instalación de enfocador radiador.",UNIDAD,1,1128691,1239840
182,MANGUERA,"Reemplazo de mangueras de alta presión Hidráulica
ensambladas con acoples y racores según muestra",JUEGO - KIT - CONJUNTO,1,955282,1018944
183,NA,"Suministro, desmonte e instalación de correas
motor.",UNIDAD,1,325591,359424
184,NA,"Suministro, desmonte e instalación de polea patín.",UNIDAD,1,220759,234432
185,NA,"Suministro, desmonte e instalación de enfriador de
aceite.",UNIDAD,1,1066491,1199424
186,NA,"Suministro, desmonte e instalación de polea alternador.",UNIDAD,1,372416,412608
187,NA,"Suministro, desmonte e instalación de polea bomba
aceite hidráulico.",UNIDAD,1,642970,707328
188,NA,"Suministro, desmonte e instalación del bombín",UNIDAD,1,734173,807264
189,NA,"Suministro, desmonte e instalación de inyector",JUEGO - KIT - CONJUNTO,1,1233436,1296576
190,NA,"Suministro, desmonte e instalación flotador (sensor)
del combustible.",UNIDAD,1,651269,687744
191,NA,"Suministro, desmonte e instalación de empaquetadura múltiple de escape.",JUEGO - KIT - CONJUNTO,1,296762,300864
192,NA,"Suministro, desmonte e instalación silenciadores",UNIDAD,1,1285677,1413984
193,NA,"Suministro, desmonte e instalación rotor alternador.",UNIDAD,1,317990,342624
194,NA,"Suministro, desmonte e instalación corona
alternador.",UNIDAD,1,318777,345600
195,NA,"Suministro, desmonte e instalación escobillas
alternador.",UNIDAD,1,258061,282336
196,NA,"Suministro, desmonte e instalación regulador alternador.",UNIDAD,1,317117,348576
197,NA,"Suministro, desmonte e instalación bujes y
rodamientos planta eléctrica",JUEGO - KIT - CONJUNTO,1,177865,194304
198,NA,"Suministro, desmonte e instalación inducido arranque.",UNIDAD,1,532284,594912
199,NA,"Suministro, desmonte e instalación bendix arranque.",UNIDAD,1,431995,483936
200,NA,"Suministro, desmonte e instalación relés o
elevadores del circuito de motor de arranque",JUEGO - KIT - CONJUNTO,1,464144,553632
201,NA,"Suministro, desmonte e instalación pachas y terminales de cableado motor de arranque",JUEGO - KIT - CONJUNTO,1,175157,184416
202,NA,"Suministro, desmonte e instalación indicadores
electrónicos de accesorios,",JUEGO - KIT - CONJUNTO,1,839093,901152
203,NA,"Suministro, desmonte e instalación indicadores del
sistema de luces,",JUEGO - KIT - CONJUNTO,1,505203,549408
204,NA,Reparación bomba de freno. Incluye empaquetaduras y repuestos,JUEGO - KIT - CONJUNTO,1,1137602,1254720
205,NA,"Mantenimiento general, ajuste, montaje, calibración, drenaje del sistema de frenos. (incluye
mano de obra)",JUEGO - KIT - CONJUNTO,1,388577,450528
206,NA,"Mantenimiento, tensión ajuste y calibración del
freno de seguridad-parqueo o de mano",JUEGO - KIT - CONJUNTO,1,268981,294240
207,NA,"Suministro, desmonte e instalación de Bombonas, raches, diafragmas, componentes del sistema de
frenos.",JUEGO - KIT - CONJUNTO,1,1095494,1199808
208,NA,"Suministro, desmonte e instalación de asbestos
frenos ruedas.",JUEGO - KIT - CONJUNTO,1,386917,431328
209,MANGUERA,"Suministro, desmonte e instalación mangueras de freno.",UNIDAD,1,537439,592992
210,NA,Rectificada de campanas de freno.,UNIDAD,1,228708,251136
211,NA,"Suministro, desmonte e instalación de campanas
freno.",UNIDAD,1,774010,848640
212,NA,"Suministro, desmonte e instalación de bombona de freno de aire",UNIDAD,1,634234,739872
213,NA,"Suministro, desmonte e instalación de raches del
freno de aire",UNIDAD,1,212722,204000
214,NA,"Suministro, desmonte e instalación válvula
reguladora presión del sistema de frenos.",UNIDAD,1,589505,650016
215,NA,Mantenimiento y reparación del compresor de aire del sistema de frenos.,JUEGO - KIT - CONJUNTO,1,836647,920832
216,NA,"Mantenimiento y reparación de los depósitos de aire
comprimido para el sistema de frenos.",UNIDAD,1,746404,829248
217,NA,"Suministro, desmonte e instalación flashes de direccionales.",JUEGO - KIT - CONJUNTO,1,161529,173184
218,NA,"Suministro, desmonte e instalación de switch de luces completo",JUEGO - KIT - CONJUNTO,1,246268,271488
219,NA,"Suministro, desmonte e instalación de fusibles en general.",JUEGO - KIT - CONJUNTO,1,166246,185088
220,NA,"Suministro, desmonte e instalación de pito.",JUEGO - KIT - CONJUNTO,1,255703,281088
221,NA,"Suministro, desmonte e instalación de switch de encendido.",JUEGO - KIT - CONJUNTO,1,481354,515520
222,NA,"Suministro, desmonte e instalación de instalación de Arnés cableado de alta.",JUEGO - KIT - CONJUNTO,1,395391,429504
223,NA,"Suministro, desmonte e instalación de alarma y luz
de reversa.",JUEGO - KIT - CONJUNTO,1,643057,706272
224,NA,"Suministro, desmonte e instalación de stop completo.",JUEGO - KIT - CONJUNTO,1,336074,368448
225,NA,"Suministro, desmonte e instalación de bombilla de
direccional.",UNIDAD,1,64297,70368
226,NA,"Suministro, desmonte e instalación de elevadores,
relés o contactores del sistema eléctrico.",JUEGO - KIT - CONJUNTO,1,252820,279936
227,NA,"Suministro, desmonte e instalación de terminal de la dirección.",UNIDAD,1,518394,565728
228,NA,"Suministro, desmonte e instalación biela de la
dirección.",UNIDAD,1,508610,567648
229,NA,"Suministro, desmonte e instalación de esféricas:
superior e inferior.",JUEGO - KIT - CONJUNTO,1,693551,761280
230,NA,"Suministro, desmonte e instalación brazo compensador de la dirección.",UNIDAD,1,503281,543456
231,NA,"Suministro, desmonte e instalación de brazo de la
dirección",UNIDAD,1,490788,537888
232,NA,"Suministro, desmonte e instalación de barra de la dirección",UNIDAD,1,569150,620544
233,NA,"Suministro, desmonte e instalación terminal axial.",UNIDAD,1,588457,645600
234,NA,"Suministro, desmonte e instalación amortiguador
delantero.",UNIDAD,1,922172,1008672
235,NA,"Suministro, desmonte e instalación rodillos ruedas delanteras.",UNIDAD,1,421774,452544
236,NA,"Suministro, desmonte e instalación rodillos ruedas
traseras.",UNIDAD,1,416795,506016
237,NA,"Suministro, desmonte e instalación retenedores
ruedas delanteras.",UNIDAD,1,285405,311904
238,NA,"Suministro, desmonte e instalación retenedores ruedas traseras.",UNIDAD,1,284794,314592
239,NA,"Suministro, desmonte e instalación de bujes
centrales de barra estabilizadora.",JUEGO - KIT - CONJUNTO,1,251247,276480
240,NA,"Suministro, desmonte e instalación bujes de muelle trasero.",JUEGO - KIT - CONJUNTO,1,626022,690816
241,NA,"Suministro, desmonte e instalación bujes de muelle delantero.",JUEGO - KIT - CONJUNTO,1,626109,689472
242,NA,"Suministro, desmonte e instalación hoja principal
del muelle.",UNIDAD,1,909854,997824
243,NA,"Suministro, desmonte e instalación hoja segunda de
muelle.",UNIDAD,1,800654,880224
244,NA,"Suministro, desmonte e instalación tope amortiguador.",UNIDAD,1,185291,196704
245,NA,"Suministro, desmonte e instalación base
amortiguador.",UNIDAD,1,326639,352704
246,NA,"Suministro, desmonte e instalación de esférica- rótula-terminal de dirección.",UNIDAD,1,633709,695904
247,NA,"Suministro, desmonte e instalación de soportes y
tornillos de centro de muelles.",UNIDAD,1,252121,283008
248,NA,"Suministro, desmonte e instalación de tope muelles.",UNIDAD,1,207829,232992
249,NA,"Suministro, desmonte e instalación de grapa muelle.",UNIDAD,1,240677,264960
250,NA,"Suministro, desmonte e instalación cruceta del
cardan.",UNIDAD,1,293879,322848
251,NA,"Suministro, desmonte e instalación yugo del cardan.",UNIDAD,1,465192,502560
252,NA,"Suministro, desmonte e instalación soporte central del cardan.",UNIDAD,1,1204083,1304832
253,NA,"Suministro, desmonte e instalación bomba auxiliar
del embrague.",UNIDAD,1,804498,853248
254,NA,Rectificada de volante y calibrar embrague.,UNIDAD,1,326552,358368
255,NA,"Suministro, desmonte e instalación y mantenimiento de cilindros hidráulicos de brazo",JUEGO - KIT - CONJUNTO,1,1098814,1272384
256,NA,neumáticos 1100*20 válvula larga,UNIDAD,1,322970,354624
497,LLANTA,"Suministro de Rin para llanta trasera diámetros
19.5L - 24",UNIDAD,1," $1,899,643.00 "," $1,978,560.00 "
258,NA,Despinchada y calibración de presión de aire en taller.,UNIDAD,1,73208,75168
259,NA,Despinchada y calibración de presión de aire a domicilio.,UNIDAD,1,149386,159840
447,LLANTA,"Suministro, desmonte e instalació de llantas, labrado espina de pescado, LLANTA DELANTERA: 2 x 17.5 x
25-12PR L-2",UNIDAD,1," $1,920,000.00 "," $1,873,000.00 "
261,NA,"Suministro, desmonte, desmonte e instalación de esparrago y tuerca.",UNIDAD,1,57221,63840
314,LLANTA,"Suministro, desmonte e instalación de conjunto llantas y de rines tipo artilleros (Sello-Matic) diámetros dimensiones según corresponda 22.5 x
8.25 existentes: LLANTA TRASERA: 4 x 1100/20 SUPERCORDILLERANA- G100",UNIDAD,1," $3,500,000.00 "," $3,800,000.00 "
263,LLANTA,"Suministro, desmonte e instalación de conjunto llantas y de rines tipo artilleros (Sello-Matic) diámetros dimensiones según corresponda 22.5 x
8.25 existentes: LLANTA TRASERA: 4 x 1100/20
SUPERCORDILLERANA- G100",UNIDAD,1," $3,500,000.00 "," $3,800,000.00 "
265,LLANTA,"Suministro, desmonte e instalación de conjunto llantas y de rines tipo artilleros (Sello-Matic) diámetros dimensiones según corresponda 22.5 x
8.25 LLANTA DELANTERA: 2 x 1100/20 CT150",UNIDAD,1," $6,900,000.00 "," $6,200,000.00 "
112,LLANTA,"Suministro, desmonte e instalación de LLANTA DELANTERA: (2) 235/75R17.5",UNIDAD,1," $1,920,000.00 "," $1,873,000.00 "
30,LLANTA,"Suministro, desmonte e instalación de LLANTA DELANTERA: 12.5/80 x18 12 telas",UNIDAD,1," $3,689,000.00 "," $3,400,000.00 "
267,NA,"Suministro, desmonte e instalación de baterías",UNIDAD,1,867572,881664
268,NA,"Mantenimiento general del botón accionamiento eléctrico, sensor electrónico y acondicionamiento de agalla del freno de ahogo",JUEGO - KIT - CONJUNTO,1,446322,499296
269,NA,"Suministro, desmonte e instalación de espejos retrovisores con marco metálico derecho e
izquierdo, espejos busca chivos y espejo busca ratas",JUEGO - KIT - CONJUNTO,1,346994,407232
270,NA,Sondeo radiador e intercooler y pintura,UNIDAD,1,577624,635616
271,MANGUERA,"Suministro, desmonte e instalación de mangueras radiador",UNIDAD,1,633185,696672
272,NA,Sincronización general y limpieza de inyectores,JUEGO - KIT - CONJUNTO,1,1239027,1353984
273,NA,"Mantenimiento y reparación del compresor de aire
del sistema de frenos.",JUEGO - KIT - CONJUNTO,1,1117509,1235904
274,NA,"Mantenimiento general, ajuste, montaje, calibración, drenaje del sistema de frenos. (incluye mano de obra)",JUEGO - KIT - CONJUNTO,1,825727,952704
275,NA,"Mantenimiento, tensión ajuste y calibración del freno de seguridad-parqueo o de mano",JUEGO - KIT - CONJUNTO,1,326202,377856
276,NA,"Suministro, desmonte e instalación de Bombonas,
raches, diafragmas, componentes del sistema de frenos.",JUEGO - KIT - CONJUNTO,1,797859,906048
277,NA,"Suministro, desmonte e instalación de asbestos frenos ruedas.",JUEGO - KIT - CONJUNTO,1,379492,416448
278,MANGUERA,"Suministro, desmonte e instalación mangueras de
freno.",UNIDAD,1,422910,478464
279,NA,Rectificada de campanas de freno.,UNIDAD,1,180748,163680
280,NA,"Suministro, desmonte e instalación de campanas freno.",UNIDAD,1,774971,852096
281,NA,"Suministro, desmonte e instalación válvula
reguladora presión del sistema de frenos.",UNIDAD,1,677040,747072
282,NA,"Suministro, desmonte e instalación de alarma y luz de reversa.",JUEGO - KIT - CONJUNTO,1,457679,502560
283,NA,"Suministro, desmonte e instalación de direccional
completa.",UNIDAD,1,379055,401376
284,NA,"Suministro, desmonte e instalación amortiguador
delantero.",UNIDAD,1,705694,763584
285,NA,"Suministro, desmonte e instalación rodillos ruedas delanteras.",UNIDAD,1,467813,527232
286,NA,"Suministro, desmonte e instalación rodillos ruedas
traseras.",UNIDAD,1,473142,510528
287,NA,"Suministro, desmonte e instalación retenedores
ruedas delanteras.",UNIDAD,1,298946,328512
288,NA,"Suministro, desmonte e instalación retenedores ruedas traseras.",JUEGO - KIT - CONJUNTO,1,552989,554400
289,NA,"Suministro, desmonte e instalación de bujes
centrales de barra estabilizadora.",JUEGO - KIT - CONJUNTO,1,515249,565344
290,NA,"Suministro, desmonte e instalación bujes de muelle trasero.",JUEGO - KIT - CONJUNTO,1,498389,553056
291,NA,"Suministro, desmonte e instalación bujes de muelle delantero.",UNIDAD,1,303751,335136
292,NA,"Suministro, desmonte e instalación hoja principal
del muelle.",UNIDAD,1,660616,720960
293,NA,"Suministro, desmonte e instalación hoja segunda de muelle.",UNIDAD,1,779339,855744
294,NA,"Suministro, desmonte e instalación tope
amortiguador.",UNIDAD,1,265225,301248
295,NA,"Suministro, desmonte e instalación base
amortiguador.",UNIDAD,1,409456,450048
296,NA,"Suministro, desmonte e instalación de esférica- rótula-terminal de dirección.",UNIDAD,1,443527,478752
297,NA,"Suministro, desmonte e instalación de soportes y
tornillos de centro de muelles.",UNIDAD,1,253431,279648
298,NA,"Suministro, desmonte e instalación de tope muelles.",UNIDAD,1,220322,242112
299,NA,"Suministro, desmonte e instalación de grapa muelle.",JUEGO - KIT - CONJUNTO,1,392858,423552
300,NA,Rectificada de volante y calibrar embrague.,UNIDAD,1,203199,246144
301,NA,"Suministro manual de operación, manual de mantenimiento, manual de partes y manual de servicio",JUEGO - KIT - CONJUNTO,1,315981,284064
302,NA,"Suministro e instalación de logotipos (institucionales) con códigos internos de maquinaria, en material de impresiones adhesivas, cintas reflectivas y/o pintados de acuerdo a la solicitud de
la entidad.",JUEGO - KIT - CONJUNTO,1,669265,735456
303,NA,"Juego Farola (unidad) Izquierda y Farola (unidad) Derecha, incluye suministro, desmonte y monte",UNIDAD,1,766060,847488
304,NA,"Juego direccionales izquierda y derecha, incluye suministro, desmonte y monte",UNIDAD,1,975636,1063104
305,NA,"Suministro, desmonte y monte eyectores
limpiabrisas, incluye motor electrico",JUEGO - KIT - CONJUNTO,1,860147,936960
306,NA,"Suministro, desmonte y monte bomper delantero,
incluye pintura de acuerdo al código de color del rodante",JUEGO - KIT - CONJUNTO,1,1004028,992544
164,LLANTA,"Suministro, desmonte e instalación de LLANTA DELANTERA: 2 (10.00 - 20 ) - 8,25"" X 22,5""",UNIDAD,1," $1,920,000.00 "," $1,873,000.00 "
308,NA,Despinchada y calibración de presión de aire en taller.,UNIDAD,1,71897,76032
309,NA,Despinchada y calibración de presión de aire a domicilio.,UNIDAD,1,164149,167712
411,LLANTA,"Suministro, desmonte e instalación de LLANTA TRASERA: 2 x 23.5 - 25 - 16PR",UNIDAD,1," $3,100,000.00 "," $2,900,000.00 "
165,LLANTA,"Suministro, desmonte e instalación de LLANTA TRASERA: 4 (10.00 - 20 ) 8,25"" X 22,5"" + 1 REPUESTO",UNIDAD,1," $1,920,000.00 "," $1,873,000.00 "
312,NA,"Suministro, desmonte e instalación de esparrago y
tuerca.",UNIDAD,1,63074,60288
410,LLANTA,"Suministro, desmonte e instalación de LLANTA
DELANTERA: 2 x 23.5 - 25 - 16PR",UNIDAD,1," $3,100,000.00 "," $2,900,000.00 "
113,LLANTA,"Suministro, desmonte e instalación de LLANTA
TRASERA: (4) 235/75R17.5 + REPUESTO",UNIDAD,1," $1,920,000.00 "," $1,873,000.00 "
315,NA,"Suministro, desmonte e instalación de baterías",UNIDAD,1,834550,913920
316,NA,"Mantenimiento general del botón accionamiento eléctrico, sensor electrónico y acondicionamiento de
agalla del freno de ahogo",JUEGO - KIT - CONJUNTO,1,847479,932736
317,NA,"Suministro, desmonte e instalación de guaya para apagado de motor",UNIDAD,1,178564,213216
318,NA,"Suministro, desmonte e instalación de espejos retrovisores con marco metálico derecho e
izquierdo, espejos busca chivos y espejo busca ratas",JUEGO - KIT - CONJUNTO,1,384471,471456
319,NA,"Suministro, desmonte e instalación del postenfriador de aceite . Incluye mantenimiento
general",JUEGO - KIT - CONJUNTO,1,489216,520320
320,NA,Sondeo radiador e intercooler y pintura,UNIDAD,1,639563,685248
321,MANGUERA,"Suministro, desmonte e instalación de mangueras
radiador",UNIDAD,1,602260,670368
322,NA,"Suministro, desmonte e instalación de ventilador de motor completo.",UNIDAD,1,1419163,1584768
323,NA,"Suministro, desmonte e instalación de enfocador
radiador.",UNIDAD,1,505727,572160
324,NA,Sincronización general y limpieza de inyectores,JUEGO - KIT - CONJUNTO,1,1193687,1276992
325,NA,"Reparación bomba de freno. Incluye
empaquetaduras y repuestos",JUEGO - KIT - CONJUNTO,1,1034342,1131360
326,NA,"Mantenimiento general, ajuste, montaje, calibración, drenaje del sistema de frenos. (incluye
mano de obra)",JUEGO - KIT - CONJUNTO,1,802664,884544
327,NA,"Mantenimiento, tensión ajuste y calibración del
freno de seguridad-parqueo o de mano",JUEGO - KIT - CONJUNTO,1,244433,244512
328,NA,"Suministro, desmonte e instalación de Bombonas, raches, diafragmas, componentes del sistema de frenos.",JUEGO - KIT - CONJUNTO,1,598241,660096
329,NA,"Suministro, desmonte e instalación de asbestos
frenos ruedas.",JUEGO - KIT - CONJUNTO,1,407884,438528
330,MANGUERA,"Suministro, desmonte e instalación mangueras de freno.",UNIDAD,1,273175,314784
331,NA,Rectificada de campanas de freno.,UNIDAD,1,200841,194976
332,NA,"Suministro, desmonte e instalación de campanas
freno.",UNIDAD,1,602085,660576
333,NA,"Suministro, desmonte e instalación de bombona de freno de aire",UNIDAD,1,963668,1038432
334,NA,"Suministro, desmonte e instalación de raches del freno de aire",UNIDAD,1,273437,300576
335,NA,"Suministro, desmonte e instalación válvula
reguladora presión del sistema de frenos.",UNIDAD,1,420376,451104
336,NA,Mantenimiento y reparación del compresor de aire del sistema de frenos.,JUEGO - KIT - CONJUNTO,1,1118383,1220064
337,NA,"Mantenimiento y reparación de los depósitos de aire
comprimido para el sistema de frenos.",UNIDAD,1,977908,1058880
338,NA,"Suministro, desmonte e instalación de instalación de
Arnés cableado de alta.",JUEGO - KIT - CONJUNTO,1,593786,737088
339,NA,"Suministro, desmonte e instalación de alarma y luz de reversa.",JUEGO - KIT - CONJUNTO,1,389626,427584
340,NA,"Suministro, desmonte e instalación de stop
completo.",JUEGO - KIT - CONJUNTO,1,691891,763104
341,NA,"Suministro, desmonte e instalación de bombilla de
direccional.",UNIDAD,1,77925,84288
342,NA,"Suministro, desmonte e instalación de direccional completa.",JUEGO - KIT - CONJUNTO,1,440819,466368
343,NA,"Suministro, desmonte e instalación amortiguador
delantero.",UNIDAD,1,909156,1000224
344,NA,"Suministro, desmonte e instalación rodillos ruedas delanteras.",JUEGO - KIT - CONJUNTO,1,457242,504288
345,NA,"Suministro, desmonte e instalación rodillos ruedas traseras.",JUEGO - KIT - CONJUNTO,1,448768,493344
346,NA,"Suministro, desmonte e instalación retenedores
ruedas delanteras.",UNIDAD,1,266361,298368
347,NA,"Suministro, desmonte e instalación retenedores ruedas traseras.",UNIDAD,1,426055,526560
348,NA,"Suministro, desmonte e instalación de bujes
centrales de barra estabilizadora.",JUEGO - KIT - CONJUNTO,1,253519,243360
349,NA,"Suministro, desmonte e instalación bujes de muelle
trasero.",JUEGO - KIT - CONJUNTO,1,491837,544512
350,NA,"Suministro, desmonte e instalación bujes de muelle delantero.",JUEGO - KIT - CONJUNTO,1,497428,544896
351,NA,"Suministro, desmonte e instalación hoja principal
del muelle.",UNIDAD,1,822145,905664
352,NA,"Suministro, desmonte e instalación hoja segunda de
muelle.",UNIDAD,1,818126,901728
353,NA,"Suministro, desmonte e instalación tope amortiguador.",UNIDAD,1,215954,240960
354,NA,"Suministro, desmonte e instalación base
amortiguador.",UNIDAD,1,506688,631392
355,NA,"Suministro, desmonte e instalación de esférica-
rótula-terminal de dirección.",UNIDAD,1,340879,376896
356,NA,"Suministro, desmonte e instalación de soportes y tornillos de centro de muelles.",UNIDAD,1,196560,216384
357,NA,"Suministro, desmonte e instalación de tope muelles.",UNIDAD,1,202064,222720
358,NA,"Suministro, desmonte e instalación de grapa muelle.",UNIDAD,1,181796,205824
359,NA,"Suministro, desmonte e instalación bomba principal
del sistema de embrague.",UNIDAD,1,1421522,1528992
360,NA,"Suministro, desmonte e instalación bomba auxiliar
del embrague.",UNIDAD,1,744569,814944
361,NA,Rectificada de volante y calibrar embrague.,JUEGO - KIT - CONJUNTO,1,217352,215616
362,NA,"Suministro manual de operación, manual de mantenimiento, manual de partes y manual de
servicio",JUEGO - KIT - CONJUNTO,1,380802,384960
363,NA,"Suministro e instalación de logotipos (institucionales) con códigos internos de maquinaria, en material de impresiones adhesivas, cintas reflectivas y/o pintados de acuerdo a la solicitud de
la entidad.",JUEGO - KIT - CONJUNTO,1,670837,735552
364,NA,"Suministro, desmonte e instalación Eje propulzor
Cardan",JUEGO - KIT - CONJUNTO,1,1259032,1367040
365,NA,"Suministro, desmonte e instalación Eje Cardan y rodamientos",JUEGO - KIT - CONJUNTO,1,1067539,1161216
366,NA,"Suministro , desmonte e instalación de Juego de
bloques Delantero Remachado",UNIDAD,1,1185388,1307040
367,NA,"Suministro , desmonte e instalación de Juego de
bloques Trasero Remachado",JUEGO - KIT - CONJUNTO,1,1263488,1382112
368,NA,"Suministro , desmonte e instalación de Juego de sellos Delantero , sello trasero y sello tras ext",JUEGO - KIT - CONJUNTO,1,496467,492384
31,LLANTA,"Suministro, desmonte e instalación de LLANTA
TRASERA: 16.5 x 28, 12 telas",UNIDAD,1," $3,689,000.00 "," $3,400,000.00 "
91,LLANTA,"Suministro, desmonte e instalación de LLANTA: 14,9*24 8 pr r-3",UNIDAD,1," $3,000,000.00 "," $2,950,000.00 "
28,LLANTA,"Suministro, desmonte e instalación de llantas 16 lonas labrado espina de pescado. LLANTA TRASERA:
4 x 13.00x24 12PR G2",UNIDAD,1," $4,112,640.00 "," $4,900,000.00 "
372,NA,"Despinchada y calibración de presión de aire en
taller.",UNIDAD,1,94611,88032
373,NA,"Despinchada y calibración de presión de aire a
domicilio.",UNIDAD,1,171313,160224
27,LLANTA,"Suministro, desmonte e instalación de llantas 16 lonas labrado espina de pescado. LLANTA
DELANTERA: 2 x 13.00x24 12PR G2",UNIDAD,1," $4,680,270.00 "," $5,200,000.00 "
63,LLANTA,"Suministro, desmonte e instalación de llantas labrado Tipo HULK LLANTA DELANTERA:12x16.5
12PR",UNIDAD,1," $2,125,207.00 "," $2,348,736.00 "
376,NA,"Suministro, desmonte e instalación de esparrago y tuerca.",UNIDAD,1,378444,415296
394,NA,"Suministro, desmonte e instalación de llantas labrado Tipo HULK LLANTA DELANTERA:12x16.5
12PR",UNIDAD,1," $2,125,207.00 "," $2,348,736.00 "
378,NA,"Suministro, desmonte e instalación Correa flexible
de bomba del agua",UNIDAD,1,175768,186528
379,NA,Desmonte e isntalación correa flexible de bomba del agua,UNIDAD,1,326464,399456
380,NA,"Suministro, desmonte e instalación de tapa radiador
con presión del sistema.",UNIDAD,1,89719,95808
381,MANGUERA,"Suministro, desmonte e instalación mangueras radiador",UNIDAD,1,582342,711168
382,NA,"Suministro, desmonte e instalación de ventilador de motor completo.",UNIDAD,1,665945,649152
383,NA,"Suministro, desmonte e instalación de enfocador
radiador.",UNIDAD,1,606453,749568
384,NA,"Suministro, desmonte e instalación de espejo retrovisor convexo central panorámico de cabina.",UNIDAD,1,228621,255072
385,NA,"Suministro, desmonte e instalación correas motor.",UNIDAD,1,250985,263136
386,NA,"Suministro, desmonte e instalación de cableado de
arnés de alta",UNIDAD,1,821271,987552
387,NA,"Suministro, desmonte e instalación de soportes de motor - apoyos",JUEGO - KIT - CONJUNTO,1,412339,454656
388,MANGUERA,"Suministro, desmonte e instalación manguera de alta presión hidráulica, abrazaderas y accesorios de
acople enfriador - intercambiador",UNIDAD,1,727621,798816
389,NA,"Suministro manual de operación, manual de mantenimiento, manual de partes y manual de servicio",UNIDAD,1,305673,341472
390,NA,"Suministro e instalación de logotipos (institucionales) con códigos internos de maquinaria, en material de impresiones adhesivas, cintas reflectivas y/o pintados de acuerdo a la solicitud de
la entidad.",UNIDAD,1,670925,737184
391,NA,"Reconstrucción con soldadura y aporte de material
estructural de la articulación móvil de la máquina.",UNIDAD,1,1419775,1563072
392,NA,"Suministro, desmonte e instalación de buje o camisa de la estructura o articulación móvil de la máquina",UNIDAD,1,361583,383616
393,NA,"Suministro, desmonte e instalación de llantas labrado Tipo HULK. LLANTA TRASERA: 12x16.5 12PR",UNIDAD,1," $2,125,207.00 "," $2,348,736.00 "
64,NA,"Suministro, desmonte e instalación de llantas
labrado Tipo HULK. LLANTA TRASERA: 12x16.5 12PR",UNIDAD,1," $2,125,207.00 "," $2,348,736.00 "
395,NA,"neumático 12*16,5 válvula corta",UNIDAD,1,234474,229152
396,NA,válvula sellomatic,UNIDAD,1,47262,53856
446,LLANTA,"Suministro, desmonte e instalación de llantas, labrado espina de pescado, LLANTA TRASERA: 4 x
17.5 x 25-12PR L-2",UNIDAD,1," $1,920,000.00 "," $1,873,000.00 "
370,LLANTA,"Suministro, desmonte e instalación de rin con llanta sellomatic labrado 50/50 multipropósito, diámetro
correspondiente, para repuesto.",UNIDAD,1," $1,913,533.00 "," $2,104,128.00 "
399,NA,"Despinchada y calibración de presión de aire en
taller.",UNIDAD,1,80895,83520
400,NA,Despinchada y calibración de presión de aire a domicilio.,UNIDAD,1,145716,158592
401,NA,"Suministro, desmonte e instalación de esparrago y
tuerca.",UNIDAD,1,48747,55104
402,NA,Suministro de Rin para diámetros 12x16.5,UNIDAD,1,1101610,1229952
403,ACEITE,"Suministro, extracción, aplicación y disposición final de ACEITE MOTOR:  15 W 40. CAPACIDAD: 8.0 L - 8.5
US qt",GALÓN,1,244695,268896
404,ACEITE,"Suministro, extracción, aplicación y disposición final de ACEITE TRANSMISION:  15 W 40. CAPACIDAD:
24.1 L - 25.5 US qt - Tanques de las cadenas (cada
lado), L (qt) 7,4 (7,9)",GALÓN,1,394780,433824
405,FILTRO,"Suministro, desmonte e instalación de FILTRO DE COMBUSTIBLE: SEPARADOR 87036044,84299977- LINEA 9611973,87548612. FILTRO DE COMBUSTIBLE: SEPARADOR 87036044,84299977-LINEA
9611973,87548613 ( incluye mano de obra por el
cambio de la totalidad de los filtros y disposición final de los elementos cambiados)",KIT CONJUNTO,1,106579,117120
406,FILTRO,"Suministro, desmonte e instalación de FILTRO DE
ACEITE: 87415600. FILTRO DE ACEITE: 87415601",KIT CONJUNTO,1,50581,55584
407,FILTRO,"Suministro, desmonte e instalación de FILTRO DE AIRE: PRIMARIO 86982522-SECUNDARIO 86982523. FILTRO DE AIRE: PRIMARIO 86982522-SECUNDARIO
86982524 ( incluye mano de obra por el cambio de la totalidad de los filtros y disposición final de los
elementos cambiados)",KIT CONJUNTO,1,397837,437184
408,FILTRO,"Suministro, desmonte e instalación de FILTRO DE ACEITE HIDRAULICO: 9842392,87417087. FILTRO DE ACEITE HIDRAULICO: 9842392,87417088 ( incluye
mano de obra por el cambio de la totalidad de los",KIT CONJUNTO,1,518744,570048
409,NA,"Suministro, extracción, aplicación y disposición final de liquido refrigerante LIQUIDO REFRIGERANTE
15.6L-4.2 GAL. 50% AGUA-50% ETILENGLICOL",GALÓN,1,119596,131424
398,NA,"Suministro, desmonte e instalación de RIN para llanta sellomatic : 12x16.5 12PR",UNIDAD,1," $1,757,421.00 "," $1,939,968.00 "
81,NA,"Suministro, desmonte e instalación de RIN para
llanta sellomatic : 12x16.5 12PR",UNIDAD,1," $104,256.00 "," $115,416.00 "
412,NA,"Suministro, desmonte e instalación cables y
terminales para baterías",JUEGO - KIT - CONJUNTO,1,316418,348672
413,NA,"Reparación bomba de agua (incluye empaquetadura
y sellantes)",JUEGO - KIT - CONJUNTO,1,579109,636960
414,NA,"Suministro, desmonte e instalación Termóstato",UNIDAD,1,172973,193152
415,NA,"Suministro, desmonte e instalación de cojinetes de
bomba de agua.",JUEGO - KIT - CONJUNTO,1,137854,151488
416,NA,"Suministro, desmonte e instalación Correa flexible de bomba del agua",UNIDAD,1,231679,253824
417,NA,"Suministro, desmonte e instalación de tapa radiador
con presión del sistema.",UNIDAD,1,199792,213216
418,MANGUERA,"Suministro, desmonte e instalación de mangueras
radiador",JUEGO - KIT - CONJUNTO,1,424657,455232
419,NA,"Suministro, desmonte e instalación de ventilador de motor completo.",UNIDAD,1,1324116,1459584
420,NA,"Suministro, desmonte e instalación de enfocador
radiador.",UNIDAD,1,491749,599328
421,NA,"Suministro, desmonte e instalación de espejo
retrovisor convexo central panorámico de cabina.",UNIDAD,1,292394,303168
422,NA,Suministro bomba principal de frenos (hidráulica- neumática-mixta). Desmonte e instalación bomba principal de frenos (hidráulica-neumática-mixta),UNIDAD,1,862767,993888
423,NA,"Suministro bomba auxiliar de frenos (hidráulica- neumática-mixta). Desmonte e instalación bomba
auxiliar de frenos (hidráulica-neumática-mixta)",UNIDAD,1,824067,878496
424,NA,"Reparación bomba de freno incluido
empaquetaduras y repuestos.",JUEGO - KIT - CONJUNTO,1,476898,506304
425,NA,"Mantenimiento general, ajuste, montaje, calibración, drenaje del sistema de frenos. (mano de obra)",UNIDAD,1,816204,951840
426,NA,"Suministro, desmonte e instalación guayas de freno
de seguridad - parqueo o de mano",JUEGO - KIT - CONJUNTO,1,706131,770208
427,NA,"Mantenimiento, tensión y ajuste freno de seguridad- parqueo o de mano",JUEGO - KIT - CONJUNTO,1,420551,468960
428,NA,"Suministro, desmonte e instalación de pastillas
frenos ruedas.",JUEGO - KIT - CONJUNTO,1,908806,938304
429,MANGUERA,"Suministro, desmonte e instalación mangueras y tubos de freno.",JUEGO - KIT - CONJUNTO,1,614141,707136
430,NA,"Rectificada cepillada, de discos de freno.",JUEGO - KIT - CONJUNTO,1,382113,416736
431,NA,"Suministro, desmonte e instalación de discos freno.",JUEGO - KIT - CONJUNTO,1,1403176,1540704
432,NA,"Suministro, desmonte e instalación válvula reguladora presión del sistema de frenos.",UNIDAD,1,897537,988128
433,NA,"Suministro, desmonte e instalación de buje o camisa
de la estructura o articulación móvil de la máquina",UNIDAD,1,1132972,1140192
434,NA,Reconstrucción con soldadura y aporte de material estructural de la articulación móvil de la máquina.,JUEGO - KIT - CONJUNTO,1,833414,1058976
435,NA,Lavado y limpieza del tanque del combustible.,JUEGO - KIT - CONJUNTO,1,503281,552960
436,NA,"Suministro, desmonte e instalación de juego de pernos y tuercas con arandelas y guasas del sistema
hidráulico",UNIDAD,1,235785,271584
52,NA,"Suministro, desmonte e instalación de rin según medidas y especificaciones del tipo de llanta",UNIDAD,1," $993,888.00 "," $1,194,200.00 "
438,NA,"Suministro, desmonte e instalación de pasador o pin de la estructura o articulación móvil de la máquina.",UNIDAD,1,1034779,984576
439,NA,"neumático 23,5*25 válvula larga",UNIDAD,1,204073,225600
440,NA,protector,UNIDAD,1,65083,74592
374,NA,"Suministro, desmonte e instalación de rin según medidas y especificaciones del tipo de llanta",UNIDAD,1," $1,715,052.00 "," $1,885,632.00 "
466,NA,"Suministro, desmonte e instalación de rin según medidas y especificaciones del tipo de llanta",UNIDAD,1," $1,804,596.00 "," $1,983,072.00 "
443,NA,"Despinchada y calibración de presión de aire en
taller.",UNIDAD,1,68403,71712
444,NA,Despinchada y calibración de presión de aire a domicilio.,UNIDAD,1,172973,165504
445,NA,"Suministro, desmonte e instalación, desmonte e
instalación de esparrago y tuerca.",UNIDAD,1,59492,67584
495,NA,"Suministro, desmonte e instalación de rin según medidas y especificaciones del tipo de llanta",UNIDAD,1," $818,126.00 "," $534,720.00 "
311,NA,"Suministro, desmonte e instalación de rin según medidas y especificaciones del tipo de llanta (Opción)",UNIDAD,1," $1,801,975.00 "," $1,943,520.00 "
448,CUCHILLA,Suministro de CUCHILLAS: (3658x635x22)mm. Desmonte y monte de CUCHILLAS: (3658x635x22)mm,UNIDAD,1,1420037,1707360
449,NA,"Suministro de ESQUINERAS. Desmonte y monte de
ESQUINERAS",UNIDAD,1,953098,1114272
450,MANGUERA,"Suministro mangueras radiador superior y/o inferior
. Desmonte y monte mangueras radiador",UNIDAD,1,78624,75072
451,NA,"Suministro enfocador radiador. Desmonte y monte
enfocador radiador",UNIDAD,1,965241,1087776
452,MANGUERA,"Suministro de manguera de la servo transmisión- tanque de la servo transmisión (presenta material cristalizado, desgaste por fricción y tiempo de uso). Desmonte e instalación de manguera de la servo transmisión-tanque de la servo transmisión (presenta material cristalizado, desgaste por fricción
y tiempo de uso)",UNIDAD,1,203549,232320
453,NA,"Suministro de asbestos frenos ruedas. Desmonte e
instalación frenos ruedas",KIT,1,830619,926880
454,MANGUERA,"Suministro mangueras o tuberías sistema de freno. Desmonte e instalación mangueras o tuberías
sistema de freno",UNIDAD,1,1422658,1574304
455,NA,"Suministro de bombona de freno de aire. Desmonte
e instalación de bombona de freno de aire",UNIDAD,1,1061249,1191552
456,NA,"Suministro de raches del freno de aire. Desmonte e
instalación de raches del freno de aire",KIT,1,511143,558528
457,NA,Suministro válvula reguladora presión del sistema de frenos.. Desmonte e instalación válvula reguladora presión del sistema de frenos.,UNIDAD,1,772088,848352
458,NA,Suministro de switch de luces completo. Desmonte e instalación de switch de luces completo,KIT,1,288113,321696
459,NA,Reconstrucción con soldadura y aporte de material estructural de la articulación móvil de la máquina.,UNIDAD,1,594048,652800
460,NA,"neumático 17,5*25 válvula corta",UNIDAD,1,146765,161280
375,LLANTA,"Suministro, desmonte e instalación de rin según medidas y especificaciones del tipo de llanta
(Opción)",UNIDAD,1," $1,715,576.00 "," $1,885,152.00 "
462,NA,válvulas sellomatic de cobre cortas TR218,UNIDAD,1,54775,60192
100,LLANTA,"Suministro, desmonte e instalación de rin según medidas y especificaciones del tipo de llanta.
Diámetro de llanta 14,9*24",UNIDAD,1," $2,031,360.00 "," $1,948,235.00 "
464,NA,"Despinchada y calibración de presión de aire en
taller.",UNIDAD,1,64472,70848
465,NA,"Despinchada y calibración de presión de aire a
domicilio.",UNIDAD,1,303314,333312
442,LLANTA,"Suministro, desmonte e instalación de rin según medidas y especificaciones del tipo de llanta.
Diámetro de llanta 23.5 - 25 - 16PR",UNIDAD,1," $576,663.00 "," $654,912.00 "
467,NA,"Suministro, desmonte e instalación de esparrago y
tuerca.",UNIDAD,1,50232,55200
468,NA,"Suministro de Rin para diámetros 17,5*25",UNIDAD,1,1831852,2013024
469,NA,"Suministro, desmonte e instalación de empaque
tapa válvulas.",JUEGO - KIT - CONJUNTO,1,435140,484224
470,NA,"Rectificado reconstrucción, e instalación bujes de árbol de levas completo",UNIDAD,1,683243,856320
471,NA,"Desmonte, instalación y reparación motor de arranque",JUEGO - KIT - CONJUNTO,1,770952,889536
472,NA,"Suministro, desmonte e instalación de empaque
cárter.",UNIDAD,1,379492,582720
473,NA,"Suministro, desmonte e instalación de empaque múltiple de admisión.",JUEGO - KIT - CONJUNTO,1,241987,274944
474,NA,"Suministro, desmonte e instalación de correas
motor.",JUEGO - KIT - CONJUNTO,1,330308,362208
475,NA,"Suministro, desmonte e instalación barras y acoples
del sistema de dirección",JUEGO - KIT - CONJUNTO,1,1242696,1385664
476,NA,"Suministro, desmonte e instalación brazos del sistema de dirección",JUEGO - KIT - CONJUNTO,1,983848,1100928
477,NA,"Suministro, desmonte e instalación de empaquetadura, o'rings de los cilindros hidráulicos o
actuadores del sistema de la dirección",JUEGO - KIT - CONJUNTO,1,949691,1131264
478,CUCHILLA,"Suministro, desmonte e instalación de pernos de ajuste de cuchilla",JUEGO - KIT - CONJUNTO,1,365689,419424
479,NA,"Suministro, desmonte e instalación cinturón de
seguridad silla operario",JUEGO - KIT - CONJUNTO,1,379492,417984
480,MANGUERA,"Suministro, desmonte e instalación mangueras radiador",UNIDAD,1,625148,690432
481,NA,"Reparación bomba de agua (incluye empaquetadura
y sellantes)",JUEGO - KIT - CONJUNTO,1,542156,598176
482,NA,"Suministro, desmonte e instalación de espejo
retrovisor convexo central panorámico de cabina",UNIDAD,1,218051,234912
483,NA,"Suministro de elevadores, relés o contactores del sistema eléctrico.",JUEGO - KIT - CONJUNTO,1,288463,303840
484,NA,"Desmonte e instalación de elevadores, relés o contactores del sistema eléctrico.",UNIDAD,1,119159,129120
485,NA,"Reparación y mantenimiento de la estructura de la
silla del operador",JUEGO - KIT - CONJUNTO,1,541545,559392
486,NA,"Mantenimiento general del sistema hidráulico, drenaje del circuito, limpieza de depósito",JUEGO - KIT - CONJUNTO,1,846606,959328
487,NA,Lavado y limpieza del tanque del combustible.,UNIDAD,1,509484,563808
488,NA,"Desmonte e instalación para mantenimiento general
de motor de arranque",JUEGO - KIT - CONJUNTO,1,546262,611520
489,NA,Válvula sellomatic,UNIDAD,1,28217,31584
490,LLANTA,"neumático 12,5/80*18 válvula corta",UNIDAD,1,332317,368448
491,NA,"neumático 19,5l*24 válvula corta",UNIDAD,1,602347,662400
10,NA,"Suministro, desmonte e instalación de rin según
medidas y especificaciones del tipo de llanta",UNIDAD,1," $770,016.00 "," $694,100.00 "
493,NA,Despinchada y calibración de presión de aire en taller.,UNIDAD,1,64734,75552
494,NA,"Despinchada y calibración de presión de aire a
domicilio.",UNIDAD,1,105356,118656
161,NA,"Suministro, desmonte e instalación de rin según
medidas y especificaciones del tipo de llanta",UNIDAD,1," $1,771,661.00 "," $2,014,200.00 "
496,NA,"Suministro, desmonte e instalación de esparrago y tuerca.",UNIDAD,1,86574,95328
310,NA,"Suministro, desmonte e instalación de rin según
medidas y especificaciones del tipo de llanta",UNIDAD,1," $1,801,625.00 "," $1,976,448.00 "
260,NA,"Suministro, desmonte, desmonte e instalación de rin
según medidas y especificaciones del tipo de llanta",UNIDAD,1," $236,833.00 "," $309,984.00 "
